[
{"price": "3,569"}
][
{"price": "        Samsung Galaxy A54 5G (Awesome Violet, 8GB, 256GB Storage) | 50 MP No Shake Cam (OIS) | IP67 | Gorilla Glass 5 | Voice Focus | Without Charger       "}
][
{"price": "        Fire-Boltt Ninja Call Pro Plus 1.83\" Smart Watch with Bluetooth Calling, AI Voice Assistance, 100 Sports Modes IP67 Rating, 240 * 280 Pixel High Resolution       "}
][
{"price": "        AppIe Aírpoḍs Pro (2nd Generation) ​​​​​​​Apple Aírpoḍs Pro (2nd Generation) ​​​​​​​       "}
][
{"price": "        American Tourister Fizz Large Size 32 Ltrs Standard Backpack (BLACK)       "}
][
{"price": "19,999", "lprice": "₹26,900", "rev": null, "title": "        AppIe Aírpoḍs Pro (2nd Generation) ​​​​​​​Apple Aírpoḍs Pro (2nd Generation) ​​​​​​​ Lightning Connector       ", "disc": "-26%"}
][

]